Run,Samples,TotalRenderTime_Seconds,PeakMemory_MB
1,32,7.39143,445
2,32,7.42883,445
3,32,7.42074,445
4,32,7.399,445
5,32,7.41731,445
6,32,7.41307,445
7,32,7.42073,445
8,32,7.4309,445
9,32,7.40144,445
10,32,7.40387,445
11,32,7.42451,445
12,32,7.39022,445
13,32,7.39878,445
14,32,7.39211,445
15,32,7.41455,445
16,32,7.38352,445
17,32,7.40426,445
18,32,7.40695,445
19,32,7.39529,445
20,32,7.41386,445
21,32,7.40805,445
22,32,7.41322,445
23,32,7.40487,445
24,32,7.40937,445
25,32,7.40795,445
26,64,12.1807,445
27,64,12.1784,445
28,64,12.1736,445
29,64,12.1746,445
30,64,12.1677,445
31,64,12.1783,445
32,64,12.1901,445
33,64,12.1758,445
34,64,12.1936,445
35,64,12.203,445
36,64,12.1934,445
37,64,12.1899,445
38,64,12.1991,445
39,64,12.1751,445
40,64,12.1792,445
41,64,12.1903,445
42,64,12.1873,445
43,64,12.1882,445
44,64,12.2022,445
45,64,12.1984,445
46,64,12.1717,445
47,64,12.1777,445
48,64,12.1771,445
49,64,12.2115,445
50,64,12.1943,445
