folder,duplicated_lines,duplicated_lines_density_percent
blender,79445,2.7
blender/animrig,591,2.8
blender/animrig/intern,591,3.5
blender/asset_system,92,0.9
blender/asset_system/intern,0,0.0
blender/asset_system/intern/library_types,0,0.0
blender/asset_system/tests,92,3.3
blender/blendthumb/src,0,0.0
blender/blenfont,0,0.0
blender/blenfont/intern,0,0.0
blender/blenfont/tests,0,0.0
blender/blenkernel,4506,1.2
blender/blenkernel/intern,4310,1.3
blender/blenlib,4650,2.3
blender/blenlib/intern,2218,2.2
blender/blenlib/tests,1709,4.3
blender/blenlib/tests/performance,0,0.0
blender/blenloader,2035,3.6
blender/blenloader/intern,2035,3.7
blender/blenloader/tests,0,0.0
blender/blenloader_core,0,0.0
blender/blenloader_core/intern,0,0.0
blender/blentranslation,20,0.9
blender/blentranslation/intern,20,1.4
blender/blentranslation/msgfmt,0,0.0
blender/bmesh,1256,1.5
blender/bmesh/intern,566,1.4
blender/bmesh/operators,182,0.9
blender/bmesh/tests,0,0.0
blender/bmesh/tools,508,2.4
blender/compositor,501,1.8
blender/compositor/algorithms,109,1.8
blender/compositor/algorithms/intern,109,2.1
blender/compositor/cached_resources,25,0.4
blender/compositor/cached_resources/intern,25,0.5
blender/compositor/derived_resources,0,0.0
blender/compositor/derived_resources/intern,0,0.0
blender/compositor/intern,367,4.5
blender/compositor/shaders/infos,0,0.0
blender/compositor/utilities,0,0.0
blender/compositor/utilities/intern,0,0.0
blender/cpucheck,0,0.0
blender/datatoc,0,0.0
blender/depsgraph,309,1.2
blender/depsgraph/intern,309,1.3
blender/depsgraph/intern/builder,309,2.5
blender/depsgraph/intern/debug,0,0.0
blender/depsgraph/intern/eval,0,0.0
blender/depsgraph/intern/node,0,0.0
blender/draw,2785,1.4
blender/draw/engines,1637,1.1
blender/draw/engines/compositor,0,0.0
blender/draw/engines/eevee,1411,1.3
blender/draw/engines/eevee/shaders,671,2.1
blender/draw/engines/external,0,0.0
blender/draw/engines/gpencil,59,1.3
blender/draw/engines/gpencil/shaders,29,4.3
blender/draw/engines/gpencil/shaders/infos,0,0.0
blender/draw/engines/image,0,0.0
blender/draw/engines/image/shaders/infos,0,0.0
blender/draw/engines/overlay,139,0.7
blender/draw/engines/overlay/shaders,46,1.2
blender/draw/engines/overlay/shaders/infos,0,0.0
blender/draw/engines/select,0,0.0
blender/draw/engines/select/shaders,0,0.0
blender/draw/engines/select/shaders/infos,0,0.0
blender/draw/engines/workbench,28,0.4
blender/draw/engines/workbench/shaders,28,0.9
blender/draw/engines/workbench/shaders/infos,0,0.0
blender/draw/intern,781,1.6
blender/draw/intern/mesh_extractors,95,1.3
blender/draw/intern/shaders,143,2.3
blender/draw/tests,367,8.8
blender/editors,18575,2.3
blender/editors/animation,685,1.7
blender/editors/armature,26,0.1
blender/editors/asset,0,0.0
blender/editors/asset/intern,0,0.0
blender/editors/curve,1228,7.0
blender/editors/curves,1301,14.6
blender/editors/curves/intern,1260,14.8
blender/editors/curves/tests,41,11.5
blender/editors/geometry,24,0.7
blender/editors/gizmo_library,65,1.0
blender/editors/gizmo_library/geometry,0,0.0
blender/editors/gizmo_library/gizmo_types,22,0.4
blender/editors/gpencil_legacy,0,0.0
blender/editors/grease_pencil,542,2.0
blender/editors/grease_pencil/intern,482,1.9
blender/editors/grease_pencil/tests,60,3.6
blender/editors/id_management,0,0.0
blender/editors/include,0,0.0
blender/editors/interface,784,0.8
blender/editors/interface/buttons,0,0.0
blender/editors/interface/eyedroppers,40,1.1
blender/editors/interface/regions,114,1.4
blender/editors/interface/templates,166,1.1
blender/editors/interface/view2d,50,0.8
blender/editors/interface/views,0,0.0
blender/editors/io,103,1.9
blender/editors/lattice,12,0.8
blender/editors/mask,143,1.9
blender/editors/mesh,1102,2.4
blender/editors/metaball,12,0.9
blender/editors/object,419,1.0
blender/editors/physics,41,0.4
blender/editors/pointcloud/intern,123,9.4
blender/editors/render,96,1.0
blender/editors/scene,23,1.5
blender/editors/screen,145,0.7
blender/editors/sculpt_paint,7130,6.6
blender/editors/sculpt_paint/curves,148,2.0
blender/editors/sculpt_paint/grease_pencil,804,5.4
blender/editors/sculpt_paint/mesh,6146,8.0
blender/editors/sculpt_paint/mesh/brushes,1893,18.6
blender/editors/sound,0,0.0
blender/editors/space_action,103,1.4
blender/editors/space_api,0,0.0
blender/editors/space_buttons,0,0.0
blender/editors/space_clip,192,1.2
blender/editors/space_console,24,1.0
blender/editors/space_file,84,0.5
blender/editors/space_file/filelist,0,0.0
blender/editors/space_graph,194,1.3
blender/editors/space_image,148,1.4
blender/editors/space_info,33,1.0
blender/editors/space_nla,183,2.5
blender/editors/space_node,310,1.1
blender/editors/space_outliner,0,0.0
blender/editors/space_outliner/tree,0,0.0
blender/editors/space_project,0,0.0
blender/editors/space_script,0,0.0
blender/editors/space_sequencer,337,1.4
blender/editors/space_spreadsheet,32,0.4
blender/editors/space_statusbar,33,19.9
blender/editors/space_text,653,5.6
blender/editors/space_topbar,0,0.0
blender/editors/space_userpref,54,2.5
blender/editors/space_view3d,764,1.8
blender/editors/transform,732,1.5
blender/editors/undo,0,0.0
blender/editors/util,16,0.3
blender/editors/uvedit,679,3.2
blender/freestyle,2324,2.7
blender/freestyle/intern,2324,2.7
blender/freestyle/intern/application,110,4.8
blender/freestyle/intern/blender_interface,0,0.0
blender/freestyle/intern/geometry,74,1.2
blender/freestyle/intern/image,29,3.2
blender/freestyle/intern/python,26,0.1
blender/freestyle/intern/python/BinaryPredicate1D,0,0.0
blender/freestyle/intern/python/Interface0D,0,0.0
blender/freestyle/intern/python/Interface0D/CurvePoint,0,0.0
blender/freestyle/intern/python/Interface0D/ViewVertex,0,0.0
blender/freestyle/intern/python/Interface1D,0,0.0
blender/freestyle/intern/python/Interface1D/Curve,0,0.0
blender/freestyle/intern/python/Interface1D/FEdge,0,0.0
blender/freestyle/intern/python/Iterator,0,0.0
blender/freestyle/intern/python/StrokeShader,0,0.0
blender/freestyle/intern/python/UnaryFunction0D,0,0.0
blender/freestyle/intern/python/UnaryFunction0D/UnaryFunction0D_Id,0,0.0
blender/freestyle/intern/python/UnaryFunction0D/UnaryFunction0D_Material,0,0.0
blender/freestyle/intern/python/UnaryFunction0D/UnaryFunction0D_Nature_EdgeNature,0,0.0
blender/freestyle/intern/python/UnaryFunction0D/UnaryFunction0D_Vec2f,0,0.0
blender/freestyle/intern/python/UnaryFunction0D/UnaryFunction0D_Vec3f,0,0.0
blender/freestyle/intern/python/UnaryFunction0D/UnaryFunction0D_ViewShape,0,0.0
blender/freestyle/intern/python/UnaryFunction0D/UnaryFunction0D_double,0,0.0
blender/freestyle/intern/python/UnaryFunction0D/UnaryFunction0D_float,0,0.0
blender/freestyle/intern/python/UnaryFunction0D/UnaryFunction0D_unsigned_int,0,0.0
blender/freestyle/intern/python/UnaryFunction0D/UnaryFunction0D_vector_ViewShape,0,0.0
blender/freestyle/intern/python/UnaryFunction1D,0,0.0
blender/freestyle/intern/python/UnaryFunction1D/UnaryFunction1D_Nature_EdgeNature,0,0.0
blender/freestyle/intern/python/UnaryFunction1D/UnaryFunction1D_Vec2f,0,0.0
blender/freestyle/intern/python/UnaryFunction1D/UnaryFunction1D_Vec3f,0,0.0
blender/freestyle/intern/python/UnaryFunction1D/UnaryFunction1D_double,0,0.0
blender/freestyle/intern/python/UnaryFunction1D/UnaryFunction1D_unsigned_int,0,0.0
blender/freestyle/intern/python/UnaryFunction1D/UnaryFunction1D_vector_ViewShape,0,0.0
blender/freestyle/intern/python/UnaryFunction1D/UnaryFunction1D_void,0,0.0
blender/freestyle/intern/python/UnaryPredicate0D,0,0.0
blender/freestyle/intern/python/UnaryPredicate1D,0,0.0
blender/freestyle/intern/scene_graph,22,0.6
blender/freestyle/intern/stroke,607,4.4
blender/freestyle/intern/system,0,0.0
blender/freestyle/intern/view_map,1390,8.0
blender/freestyle/intern/winged_edge,66,1.3
blender/functions,0,0.0
blender/functions/intern,0,0.0
blender/functions/tests,0,0.0
blender/geometry,505,1.1
blender/geometry/intern,477,1.2
blender/geometry/tests,0,0.0
blender/geometry/xpbd,0,0.0
blender/geometry/xpbd/intern,0,0.0
blender/gpu,12012,7.6
blender/gpu/dummy,0,0.0
blender/gpu/intern,257,0.9
blender/gpu/metal,64,0.9
blender/gpu/metal/kernels,0,0.0
blender/gpu/opengl,469,4.2
blender/gpu/shader_tool,7000,18.1
blender/gpu/shader_tool/bsl,169,1.4
blender/gpu/shader_tool/lexit,0,0.0
blender/gpu/shader_tool/tests,6587,72.9
blender/gpu/shaders,653,2.7
blender/gpu/shaders/common,50,1.1
blender/gpu/shaders/compat,0,0.0
blender/gpu/shaders/infos,0,0.0
blender/gpu/shaders/material,436,4.1
blender/gpu/shaders/nodes,147,7.8
blender/gpu/tests,596,10.3
blender/gpu/tests/shaders,16,4.3
blender/gpu/vulkan,2767,7.9
blender/gpu/vulkan/render_graph,1903,16.7
blender/gpu/vulkan/render_graph/nodes,0,0.0
blender/gpu/vulkan/render_graph/tests,1829,42.4
blender/gpu/vulkan/shaders,0,0.0
blender/gpu/vulkan/tests,0,0.0
blender/ikplugin,72,2.4
blender/ikplugin/intern,72,2.4
blender/imbuf,324,0.8
blender/imbuf/intern,294,1.2
blender/imbuf/intern/cineon,44,2.3
blender/imbuf/intern/oiio,0,0.0
blender/imbuf/intern/openexr,0,0.0
blender/imbuf/movie,0,0.0
blender/imbuf/movie/intern,0,0.0
blender/imbuf/movie/tests,0,0.0
blender/imbuf/opencolorio,0,0.0
blender/imbuf/opencolorio/intern,0,0.0
blender/imbuf/opencolorio/intern/libocio,0,0.0
blender/imbuf/tests,30,2.4
blender/io,603,0.9
blender/io/alembic,108,0.9
blender/io/alembic/exporter,12,0.3
blender/io/alembic/intern,96,1.5
blender/io/alembic/tests,0,0.0
blender/io/common,48,1.4
blender/io/common/intern,48,2.0
blender/io/csv,0,0.0
blender/io/csv/importer,0,0.0
blender/io/fbx,19,0.6
blender/io/fbx/importer,19,0.6
blender/io/grease_pencil,0,0.0
blender/io/grease_pencil/intern,0,0.0
blender/io/ply,144,3.4
blender/io/ply/exporter,27,2.2
blender/io/ply/importer,67,3.7
blender/io/ply/intern,0,0.0
blender/io/ply/tests,50,5.2
blender/io/spz,30,1.9
blender/io/spz/importer,0,0.0
blender/io/spz/intern,30,2.6
blender/io/spz/tests,0,0.0
blender/io/stl,54,4.2
blender/io/stl/exporter,27,7.6
blender/io/stl/importer,27,4.0
blender/io/stl/intern,0,0.0
blender/io/stl/tests,0,0.0
blender/io/usd,151,0.5
blender/io/usd/hydra,40,1.2
blender/io/usd/intern,111,0.5
blender/io/usd/tests,0,0.0
blender/io/wavefront_obj,49,0.6
blender/io/wavefront_obj/exporter,30,0.9
blender/io/wavefront_obj/importer,19,0.6
blender/io/wavefront_obj/tests,0,0.0
blender/makesdna,68,0.1
blender/makesdna/intern,0,0.0
blender/makesdna/tests,0,0.0
blender/makesdna/tests/dna,0,0.0
blender/makesrna,14318,7.0
blender/makesrna/intern,14318,7.2
blender/makesrna/rna_cleanup,0,0.0
blender/modifiers,1288,2.2
blender/modifiers/intern,1288,2.2
blender/modifiers/intern/lineart,106,1.1
blender/nodes,8768,5.3
blender/nodes/composite,1937,7.3
blender/nodes/composite/include,0,0.0
blender/nodes/composite/nodes,1937,7.4
blender/nodes/function,195,2.1
blender/nodes/function/include,0,0.0
blender/nodes/function/nodes,195,2.2
blender/nodes/geometry,5247,8.4
blender/nodes/geometry/include,548,28.9
blender/nodes/geometry/nodes,4699,7.8
blender/nodes/intern,446,1.4
blender/nodes/shader,895,4.0
blender/nodes/shader/include,0,0.0
blender/nodes/shader/materialx,0,0.0
blender/nodes/shader/nodes,895,5.1
blender/nodes/texture,0,0.0
blender/nodes/texture/nodes,0,0.0
blender/python,2215,2.4
blender/python/bmesh,262,2.2
blender/python/generic,52,0.5
blender/python/gpu,0,0.0
blender/python/intern,1073,2.8
blender/python/mathutils,828,4.1
blender/render,200,1.2
blender/render/hydra,0,0.0
blender/render/intern,200,1.5
blender/sequencer,222,0.9
blender/sequencer/intern,222,1.0
blender/sequencer/intern/cache,52,1.8
blender/sequencer/intern/effects,40,1.0
blender/sequencer/intern/modifiers,118,3.7
blender/shader_fx,19,1.4
blender/shader_fx/intern,19,1.5
blender/simulation,720,9.8
blender/simulation/intern,720,9.9
blender/windowmanager,467,0.7
blender/windowmanager/gizmo,33,0.6
blender/windowmanager/gizmo/intern,33,0.7
blender/windowmanager/intern,434,1.0
blender/windowmanager/message_bus,0,0.0
blender/windowmanager/message_bus/intern,0,0.0
blender/windowmanager/xr,0,0.0
blender/windowmanager/xr/intern,0,0.0
